title,score,comment,quote,year,country,category,link,cover
肖申克的救赎,9.7,2130025,希望让人自由。,1994,美国,犯罪 剧情,https://movie.douban.com/subject/1292052/,https://img3.doubanio.com/view/photo/s_ratio_poster/public/p480747492.jpg
霸王别姬,9.6,1578383,风华绝代。,1993,中国大陆 中国香港,剧情 爱情 同性,https://movie.douban.com/subject/1291546/,https://img3.doubanio.com/view/photo/s_ratio_poster/public/p2561716440.jpg
阿甘正传,9.5,1608543,一部美国近现代史。,1994,美国,剧情 爱情,https://movie.douban.com/subject/1292720/,https://img3.doubanio.com/view/photo/s_ratio_poster/public/p2372307693.jpg
这个杀手不太冷,9.4,1795224,怪蜀黍和小萝莉不得不说的故事。,1994,法国 美国,剧情 动作 犯罪,https://movie.douban.com/subject/1295644/,https://img3.doubanio.com/view/photo/s_ratio_poster/public/p511118051.jpg
泰坦尼克号,9.4,1561957,失去的才是永恒的。 ,1997,美国,剧情 爱情 灾难,https://movie.douban.com/subject/1292722/,https://img9.doubanio.com/view/photo/s_ratio_poster/public/p457760035.jpg
美丽人生,9.5,1001933,最美的谎言。,1997,意大利,剧情 喜剧 爱情 战争,https://movie.douban.com/subject/1292063/,https://img3.doubanio.com/view/photo/s_ratio_poster/public/p2578474613.jpg
千与千寻,9.4,1674761,最好的宫崎骏，最好的久石让。 ,2001,日本,剧情 动画 奇幻,https://movie.douban.com/subject/1291561/,https://img1.doubanio.com/view/photo/s_ratio_poster/public/p2557573348.jpg
辛德勒的名单,9.5,818400,拯救一个人，就是拯救整个世界。,1993,美国,剧情 历史 战争,https://movie.douban.com/subject/1295124/,https://img3.doubanio.com/view/photo/s_ratio_poster/public/p492406163.jpg
盗梦空间,9.3,1544652,诺兰给了我们一场无法盗取的梦。,2010,美国 英国,剧情 科幻 悬疑 冒险,https://movie.douban.com/subject/3541415/,https://img3.doubanio.com/view/photo/s_ratio_poster/public/p2616355133.jpg
忠犬八公的故事,9.4,1067545,永远都不能忘记你所爱的人。,2009,美国 英国,剧情,https://movie.douban.com/subject/3011091/,https://img1.doubanio.com/view/photo/s_ratio_poster/public/p524964039.jpg
海上钢琴师,9.3,1276892,每个人都要走一条自己坚定了的路，就算是粉身碎骨。 ,1998,意大利,剧情 音乐,https://movie.douban.com/subject/1292001/,https://img9.doubanio.com/view/photo/s_ratio_poster/public/p2574551676.jpg
楚门的世界,9.3,1154028,如果再也不能见到你，祝你早安，午安，晚安。,1998,美国,剧情 科幻,https://movie.douban.com/subject/1292064/,https://img3.doubanio.com/view/photo/s_ratio_poster/public/p479682972.jpg
星际穿越,9.3,1224101,爱是一种力量，让我们超越时空感知它的存在。,2014,美国 英国 加拿大 冰岛,剧情 科幻 冒险,https://movie.douban.com/subject/1889243/,https://img1.doubanio.com/view/photo/s_ratio_poster/public/p2614988097.jpg
三傻大闹宝莱坞,9.2,1422980,英俊版憨豆，高情商版谢耳朵。,2009,印度,剧情 喜剧 爱情 歌舞,https://movie.douban.com/subject/3793023/,https://img3.doubanio.com/view/photo/s_ratio_poster/public/p579729551.jpg
机器人总动员,9.3,1006277,小瓦力，大人生。,2008,美国,科幻 动画 冒险,https://movie.douban.com/subject/2131459/,https://img3.doubanio.com/view/photo/s_ratio_poster/public/p1461851991.jpg
放牛班的春天,9.3,989914,天籁一般的童声，是最接近上帝的存在。 ,2004,法国 瑞士 德国,剧情 音乐,https://movie.douban.com/subject/1291549/,https://img3.doubanio.com/view/photo/s_ratio_poster/public/p1910824951.jpg
大话西游之大圣娶亲,9.2,1133740,一生所爱。,1995,中国香港 中国大陆,喜剧 爱情 奇幻 古装,https://movie.douban.com/subject/1292213/,https://img9.doubanio.com/view/photo/s_ratio_poster/public/p2455050536.jpg
熔炉,9.3,695382,我们一路奋战不是为了改变世界，而是为了不让世界改变我们。,2011,韩国,剧情,https://movie.douban.com/subject/5912992/,https://img9.doubanio.com/view/photo/s_ratio_poster/public/p1363250216.jpg
疯狂动物城,9.2,1362644,迪士尼给我们营造的乌托邦就是这样，永远善良勇敢，永远出乎意料。,2016,美国,喜剧 动画 冒险,https://movie.douban.com/subject/25662329/,https://img1.doubanio.com/view/photo/s_ratio_poster/public/p2614500649.jpg
无间道,9.2,922802,香港电影史上永不过时的杰作。,2002,中国香港,剧情 犯罪 悬疑,https://movie.douban.com/subject/1307914/,https://img3.doubanio.com/view/photo/s_ratio_poster/public/p2564556863.jpg
龙猫,9.2,951312,人人心中都有个龙猫，童年就永远不会消失。,1988,日本,动画 奇幻 冒险,https://movie.douban.com/subject/1291560/,https://img9.doubanio.com/view/photo/s_ratio_poster/public/p2540924496.jpg
教父,9.3,694936,千万不要记恨你的对手，这样会让你失去理智。,1972,美国,剧情 犯罪,https://movie.douban.com/subject/1291841/,https://img9.doubanio.com/view/photo/s_ratio_poster/public/p616779645.jpg
当幸福来敲门,9.1,1146504,平民励志片。 ,2006,美国,剧情 传记 家庭,https://movie.douban.com/subject/1849031/,https://img9.doubanio.com/view/photo/s_ratio_poster/public/p2614359276.jpg
怦然心动,9.1,1330922,真正的幸福是来自内心深处。,2010,美国,剧情 喜剧 爱情,https://movie.douban.com/subject/3319755/,https://img1.doubanio.com/view/photo/s_ratio_poster/public/p501177648.jpg
触不可及,9.2,741088,满满温情的高雅喜剧。,2011,法国,剧情 喜剧,https://movie.douban.com/subject/6786002/,https://img9.doubanio.com/view/photo/s_ratio_poster/public/p1454261925.jpg
控方证人,9.6,306960,比利·怀德满分作品。,1957,美国,剧情 犯罪 悬疑,https://movie.douban.com/subject/1296141/,https://img1.doubanio.com/view/photo/s_ratio_poster/public/p1505392928.jpg
蝙蝠侠：黑暗骑士,9.2,768734,无尽的黑暗。,2008,美国 英国,剧情 动作 科幻 犯罪 惊悚,https://movie.douban.com/subject/1851857/,https://img3.doubanio.com/view/photo/s_ratio_poster/public/p462657443.jpg
活着,9.2,598425,张艺谋最好的电影。,1994,中国大陆 中国香港,剧情 历史 家庭,https://movie.douban.com/subject/1292365/,https://img3.doubanio.com/view/photo/s_ratio_poster/public/p2513253791.jpg
寻梦环游记,9.1,1147714,死亡不是真的逝去，遗忘才是永恒的消亡。,2017,美国,喜剧 动画 奇幻 音乐,https://movie.douban.com/subject/20495023/,https://img9.doubanio.com/view/photo/s_ratio_poster/public/p2614500706.jpg
末代皇帝,9.3,554628,“不要跟我比惨，我比你更惨”再适合这部电影不过了。,1987,英国 意大利 中国大陆 法国,剧情 传记 历史,https://movie.douban.com/subject/1293172/,https://img3.doubanio.com/view/photo/s_ratio_poster/public/p452089833.jpg
乱世佳人,9.3,511082,Tomorrow is another day.,1939,美国,剧情 历史 爱情 战争,https://movie.douban.com/subject/1300267/,https://img3.doubanio.com/view/photo/s_ratio_poster/public/p1963126880.jpg
何以为家,9.1,712890,凝视卑弱生命，用电影改变命运。,2018,黎巴嫩 法国 美国,剧情,https://movie.douban.com/subject/30170448/,https://img1.doubanio.com/view/photo/s_ratio_poster/public/p2555295759.jpg
指环王3：王者无敌,9.2,564354,史诗的终章。,2003,美国 新西兰,剧情 动作 奇幻 冒险,https://movie.douban.com/subject/1291552/,https://img3.doubanio.com/view/photo/s_ratio_poster/public/p1910825503.jpg
摔跤吧！爸爸,9,1171129,你不是在为你一个人战斗，你要让千千万万的女性看到女生并不是只能相夫教子。,2016,印度,剧情 传记 运动 家庭,https://movie.douban.com/subject/26387939/,https://img9.doubanio.com/view/photo/s_ratio_poster/public/p2457983084.jpg
飞屋环游记,9,997199,最后那些最无聊的事情，才是最值得怀念的。 ,2009,美国,剧情 喜剧 动画 冒险,https://movie.douban.com/subject/2129039/,https://img9.doubanio.com/view/photo/s_ratio_poster/public/p485887754.jpg
少年派的奇幻漂流,9.1,1060786,瑰丽壮观、无人能及的冒险之旅。,2012,美国 中国台湾 英国 加拿大,剧情 奇幻 冒险,https://movie.douban.com/subject/1929463/,https://img3.doubanio.com/view/photo/s_ratio_poster/public/p1784592701.jpg
十二怒汉,9.4,340920,1957年的理想主义。 ,1957,美国,剧情,https://movie.douban.com/subject/1293182/,https://img3.doubanio.com/view/photo/s_ratio_poster/public/p2173577632.jpg
素媛,9.3,469160,受过伤害的人总是笑得最开心，因为他们不愿意让身边的人承受一样的痛苦。,2013,韩国,剧情,https://movie.douban.com/subject/21937452/,https://img9.doubanio.com/view/photo/s_ratio_poster/public/p2118532944.jpg
鬼子来了,9.3,458947,对敌人的仁慈，就是对自己残忍。,2000,中国大陆,剧情 喜剧,https://movie.douban.com/subject/1291858/,https://img1.doubanio.com/view/photo/s_ratio_poster/public/p2553104888.jpg
哈尔的移动城堡,9.1,731247,带着心爱的人在天空飞翔。,2004,日本,动画 奇幻 冒险,https://movie.douban.com/subject/1308807/,https://img3.doubanio.com/view/photo/s_ratio_poster/public/p2174346180.jpg
哈利·波特与魔法石,9.1,745411,童话世界的开端。,2001,美国 英国,奇幻 冒险,https://movie.douban.com/subject/1295038/,https://img9.doubanio.com/view/photo/s_ratio_poster/public/p2614949805.jpg
天空之城,9.1,630772,对天空的追逐，永不停止。 ,1986,日本,动画 奇幻 冒险,https://movie.douban.com/subject/1291583/,https://img1.doubanio.com/view/photo/s_ratio_poster/public/p1446261379.jpg
大话西游之月光宝盒,9,904811,旷古烁今。,1995,中国香港 中国大陆,喜剧 爱情 奇幻 古装,https://movie.douban.com/subject/1299398/,https://img3.doubanio.com/view/photo/s_ratio_poster/public/p2561721372.jpg
天堂电影院,9.2,488391,那些吻戏，那些青春，都在影院的黑暗里被泪水冲刷得无比清晰。,1988,意大利 法国,剧情 爱情,https://movie.douban.com/subject/1291828/,https://img1.doubanio.com/view/photo/s_ratio_poster/public/p2559577569.jpg
罗马假日,9,728237,爱情哪怕只有一天。,1953,美国,喜剧 剧情 爱情,https://movie.douban.com/subject/1293839/,https://img9.doubanio.com/view/photo/s_ratio_poster/public/p2189265085.jpg
闻香识女人,9.1,634775,史上最美的探戈。,1992,美国,剧情,https://movie.douban.com/subject/1298624/,https://img1.doubanio.com/view/photo/s_ratio_poster/public/p2550757929.jpg
我不是药神,9,1561128,对我们国家而言，这样的电影多一部是一部。,2018,中国大陆,剧情 喜剧,https://movie.douban.com/subject/26752088/,https://img9.doubanio.com/view/photo/s_ratio_poster/public/p2561305376.jpg
辩护人,9.2,455954,电影的现实意义大过电影本身。,2013,韩国,剧情,https://movie.douban.com/subject/21937445/,https://img9.doubanio.com/view/photo/s_ratio_poster/public/p2158166535.jpg
搏击俱乐部,9,649932,邪恶与平庸蛰伏于同一个母体，在特定的时间互相对峙。,1999,美国 德国,剧情 动作 悬疑 惊悚,https://movie.douban.com/subject/1292000/,https://img1.doubanio.com/view/photo/s_ratio_poster/public/p1910926158.jpg
教父2,9.2,386204,优雅的孤独。,1974,美国,剧情 犯罪,https://movie.douban.com/subject/1299131/,https://img1.doubanio.com/view/photo/s_ratio_poster/public/p2194138787.jpg
大闹天宫,9.3,292491,经典之作，历久弥新。,2003,中国大陆,动画 奇幻,https://movie.douban.com/subject/1418019/,https://img1.doubanio.com/view/photo/s_ratio_poster/public/p2184505167.jpg
死亡诗社,9.1,516832,当一个死水般的体制内出现一个活跃的变数时，所有的腐臭都站在了光明的对面。,1989,美国,剧情,https://movie.douban.com/subject/1291548/,https://img3.doubanio.com/view/photo/s_ratio_poster/public/p2575465690.jpg
狮子王,9,603108,动物版《哈姆雷特》。,1994,美国,动画 冒险 歌舞,https://movie.douban.com/subject/1301753/,https://img1.doubanio.com/view/photo/s_ratio_poster/public/p2277799019.jpg
指环王2：双塔奇兵,9.1,513886,承前启后的史诗篇章。,2002,美国 新西兰,剧情 动作 奇幻 冒险,https://movie.douban.com/subject/1291572/,https://img9.doubanio.com/view/photo/s_ratio_poster/public/p909265336.jpg
猫鼠游戏,9,613290,骗子大师和执著警探的你追我跑故事。 ,2002,美国 加拿大,传记 犯罪 剧情,https://movie.douban.com/subject/1305487/,https://img3.doubanio.com/view/photo/s_ratio_poster/public/p453924541.jpg
窃听风暴,9.1,424182,别样人生。,2006,德国,剧情 悬疑,https://movie.douban.com/subject/1900841/,https://img1.doubanio.com/view/photo/s_ratio_poster/public/p1808872109.jpg
指环王1：魔戒再现,9,578318,传说的开始。,2001,新西兰 美国,剧情 动作 奇幻 冒险,https://movie.douban.com/subject/1291571/,https://img3.doubanio.com/view/photo/s_ratio_poster/public/p1354436051.jpg
钢琴家,9.2,390212,音乐能化解仇恨。,2002,法国 德国 英国 波兰,剧情 传记 历史 战争 音乐,https://movie.douban.com/subject/1296736/,https://img3.doubanio.com/view/photo/s_ratio_poster/public/p792376093.jpg
黑客帝国,9,583420,视觉革命。,1999,美国 澳大利亚,动作 科幻,https://movie.douban.com/subject/1291843/,https://img1.doubanio.com/view/photo/s_ratio_poster/public/p451926968.jpg
美丽心灵,9,562081,爱是一切逻辑和原由。,2001,美国,传记 剧情,https://movie.douban.com/subject/1306029/,https://img3.doubanio.com/view/photo/s_ratio_poster/public/p1665997400.jpg
饮食男女,9.1,424405,人生不能像做菜，把所有的料都准备好了才下锅。,1994,中国台湾 美国,剧情 家庭,https://movie.douban.com/subject/1291818/,https://img3.doubanio.com/view/photo/s_ratio_poster/public/p1910899751.jpg
两杆大烟枪,9.1,454884,4个臭皮匠顶个诸葛亮，盖·里奇果然不是盖的。,1998,英国,剧情 喜剧 犯罪,https://movie.douban.com/subject/1293350/,https://img1.doubanio.com/view/photo/s_ratio_poster/public/p792443418.jpg
飞越疯人院,9.1,442293,自由万岁。,1975,美国,剧情,https://movie.douban.com/subject/1292224/,https://img1.doubanio.com/view/photo/s_ratio_poster/public/p792238287.jpg
让子弹飞,8.8,1197383,你给我翻译翻译，神马叫做TMD的惊喜。,2010,中国大陆 中国香港,剧情 喜剧 动作 西部,https://movie.douban.com/subject/3742360/,https://img1.doubanio.com/view/photo/s_ratio_poster/public/p1512562287.jpg
本杰明·巴顿奇事,8.9,732028,在时间之河里感受溺水之苦。,2008,美国,剧情 爱情 奇幻,https://movie.douban.com/subject/1485260/,https://img3.doubanio.com/view/photo/s_ratio_poster/public/p2192535722.jpg
绿皮书,8.9,1137114,去除成见，需要勇气。,2018,美国,剧情 喜剧 传记,https://movie.douban.com/subject/27060077/,https://img3.doubanio.com/view/photo/s_ratio_poster/public/p2549177902.jpg
看不见的客人,8.8,874953,你以为你以为的就是你以为的。,2016,西班牙,剧情 犯罪 悬疑 惊悚,https://movie.douban.com/subject/26580232/,https://img9.doubanio.com/view/photo/s_ratio_poster/public/p2498971355.jpg
西西里的美丽传说,8.9,724588,美丽无罪。,2000,意大利 美国,剧情 战争 情色,https://movie.douban.com/subject/1292402/,https://img9.doubanio.com/view/photo/s_ratio_poster/public/p2448029416.jpg
拯救大兵瑞恩,9,478061,美利坚精神输出大片No1.,1998,美国,剧情 历史 战争,https://movie.douban.com/subject/1292849/,https://img9.doubanio.com/view/photo/s_ratio_poster/public/p1014542496.jpg
海蒂和爷爷,9.2,302972,如果生活中有什么使你感到快乐，那就去做吧！不要管别人说什么。,2015,德国 瑞士 南非,剧情 冒险 家庭,https://movie.douban.com/subject/25958717/,https://img9.doubanio.com/view/photo/s_ratio_poster/public/p2554525534.jpg
小鞋子,9.2,298774,奔跑的孩子是天使。,1997,伊朗,剧情 儿童 家庭,https://movie.douban.com/subject/1303021/,https://img9.doubanio.com/view/photo/s_ratio_poster/public/p2173580536.jpg
穿条纹睡衣的男孩,9.1,370578,尽管有些不切实际的幻想，这部电影依旧是一部感人肺腑的佳作。,2008,英国 美国,剧情 战争,https://movie.douban.com/subject/3008247/,https://img3.doubanio.com/view/photo/s_ratio_poster/public/p1473670352.jpg
情书,8.9,671673,暗恋的极致。,1995,日本,剧情 爱情,https://movie.douban.com/subject/1292220/,https://img1.doubanio.com/view/photo/s_ratio_poster/public/p449897379.jpg
海豚湾,9.3,292133,海豚的微笑，是世界上最高明的伪装。,2009,美国,纪录片,https://movie.douban.com/subject/3442220/,https://img1.doubanio.com/view/photo/s_ratio_poster/public/p2559579779.jpg
音乐之声,9,443968,用音乐化解仇恨，让歌声串起美好。,1965,美国,剧情 传记 爱情 歌舞,https://movie.douban.com/subject/1294408/,https://img1.doubanio.com/view/photo/s_ratio_poster/public/p453788577.jpg
美国往事,9.2,311326,往事如烟，无处祭奠。,1984,美国 意大利,犯罪 剧情,https://movie.douban.com/subject/1292262/,https://img1.doubanio.com/view/photo/s_ratio_poster/public/p477229647.jpg
致命魔术,8.9,631543,孪生蝙蝠侠大战克隆金刚狼。,2006,英国 美国,剧情 悬疑 惊悚,https://movie.douban.com/subject/1780330/,https://img9.doubanio.com/view/photo/s_ratio_poster/public/p480383375.jpg
低俗小说,8.9,619058,故事的高级讲法。,1994,美国,剧情 喜剧 犯罪,https://movie.douban.com/subject/1291832/,https://img3.doubanio.com/view/photo/s_ratio_poster/public/p1910902213.jpg
沉默的羔羊,8.8,628122,安东尼·霍普金斯的顶级表演。,1991,美国,剧情 犯罪 惊悚,https://movie.douban.com/subject/1293544/,https://img1.doubanio.com/view/photo/s_ratio_poster/public/p1593414327.jpg
七宗罪,8.8,725775,警察抓小偷，老鼠玩死猫。,1995,美国,剧情 犯罪 悬疑 惊悚,https://movie.douban.com/subject/1292223/,https://img9.doubanio.com/view/photo/s_ratio_poster/public/p2219586434.jpg
蝴蝶效应,8.8,691207,人的命运被自己瞬间的抉择改变。,2004,美国 加拿大,剧情 悬疑 科幻 惊悚,https://movie.douban.com/subject/1292343/,https://img1.doubanio.com/view/photo/s_ratio_poster/public/p2209066019.jpg
禁闭岛,8.8,696877,昔日翩翩少年，今日大腹便便。,2010,美国,剧情 悬疑 惊悚,https://movie.douban.com/subject/2334904/,https://img1.doubanio.com/view/photo/s_ratio_poster/public/p1832875827.jpg
心灵捕手,8.9,520753,人生中应该拥有这样的一段豁然开朗。,1997,美国,剧情,https://movie.douban.com/subject/1292656/,https://img9.doubanio.com/view/photo/s_ratio_poster/public/p480965695.jpg
春光乍泄,8.9,465789,爱情纠缠，男女一致。,1997,中国香港 日本 韩国,剧情 爱情 同性,https://movie.douban.com/subject/1292679/,https://img3.doubanio.com/view/photo/s_ratio_poster/public/p465939041.jpg
布达佩斯大饭店,8.8,656408,小清新的故事里注入了大历史的情怀。,2014,美国 德国 英国,剧情 喜剧 冒险,https://movie.douban.com/subject/11525673/,https://img3.doubanio.com/view/photo/s_ratio_poster/public/p2178872593.jpg
被嫌弃的松子的一生,8.9,554432,以戏谑来戏谑戏谑。,2006,日本,剧情 歌舞,https://movie.douban.com/subject/1787291/,https://img9.doubanio.com/view/photo/s_ratio_poster/public/p884763596.jpg
摩登时代,9.3,208342,大时代中的人生，小人物的悲喜。,1936,美国,剧情 喜剧 爱情,https://movie.douban.com/subject/1294371/,https://img1.doubanio.com/view/photo/s_ratio_poster/public/p2263408369.jpg
阿凡达,8.7,984169,绝对意义上的美轮美奂。,2009,美国 英国,动作 科幻 冒险,https://movie.douban.com/subject/1652587/,https://img1.doubanio.com/view/photo/s_ratio_poster/public/p2180085848.jpg
剪刀手爱德华,8.7,830720,浪漫忧郁的成人童话。,1990,美国,剧情 奇幻 爱情,https://movie.douban.com/subject/1292370/,https://img1.doubanio.com/view/photo/s_ratio_poster/public/p480956937.jpg
勇敢的心,8.9,456263,史诗大片的典范。,1995,美国,动作 传记 剧情 历史 战争,https://movie.douban.com/subject/1294639/,https://img1.doubanio.com/view/photo/s_ratio_poster/public/p2004174709.jpg
喜剧之王,8.7,699766,我是一个演员。,1999,中国香港,喜剧 剧情 爱情,https://movie.douban.com/subject/1302425/,https://img1.doubanio.com/view/photo/s_ratio_poster/public/p2579932167.jpg
致命ID,8.8,587669,最不可能的那个人永远是最可能的。,2003,美国,剧情 悬疑 惊悚,https://movie.douban.com/subject/1297192/,https://img9.doubanio.com/view/photo/s_ratio_poster/public/p2558364386.jpg
哈利·波特与死亡圣器(下),8.9,562467,10年的完美句点。,2011,美国 英国,奇幻 冒险,https://movie.douban.com/subject/3011235/,https://img3.doubanio.com/view/photo/s_ratio_poster/public/p917846733.jpg
加勒比海盗,8.8,655779,约翰尼·德普的独角戏。,2003,美国,动作 冒险 奇幻,https://movie.douban.com/subject/1298070/,https://img9.doubanio.com/view/photo/s_ratio_poster/public/p1596085504.jpg
天使爱美丽,8.7,790734,法式小清新。 ,2001,法国 德国,喜剧 爱情,https://movie.douban.com/subject/1292215/,https://img3.doubanio.com/view/photo/s_ratio_poster/public/p2447590313.jpg
杀人回忆,8.8,490748,关于连环杀人悬案的集体回忆。,2003,韩国,剧情 动作 犯罪 悬疑 惊悚,https://movie.douban.com/subject/1300299/,https://img3.doubanio.com/view/photo/s_ratio_poster/public/p657823840.jpg
断背山,8.8,551849,每个人心中都有一座断背山。,2005,美国 加拿大,剧情 爱情 同性 家庭,https://movie.douban.com/subject/1418834/,https://img1.doubanio.com/view/photo/s_ratio_poster/public/p2514704949.jpg
狩猎,9.1,266272,人言可畏。,2012,丹麦 瑞典,剧情,https://movie.douban.com/subject/6985810/,https://img1.doubanio.com/view/photo/s_ratio_poster/public/p1546987967.jpg
请以你的名字呼唤我,8.9,478800,沉醉在电影的情感和视听氛围中无法自拔。,2017,意大利 法国 巴西 美国 荷兰 德国,剧情 爱情 同性,https://movie.douban.com/subject/26799731/,https://img3.doubanio.com/view/photo/s_ratio_poster/public/p2505525050.jpg
幽灵公主,8.9,406214,人与自然的战争史诗。,1997,日本,动画 奇幻 冒险,https://movie.douban.com/subject/1297359/,https://img9.doubanio.com/view/photo/s_ratio_poster/public/p1613191025.jpg
7号房的礼物,8.9,390153,《我是山姆》的《美丽人生》。,2013,韩国,剧情 喜剧 家庭,https://movie.douban.com/subject/10777687/,https://img9.doubanio.com/view/photo/s_ratio_poster/public/p1816276065.jpg
阳光灿烂的日子,8.8,467973,一场华丽的意淫。,1994,中国大陆 中国香港,剧情 爱情,https://movie.douban.com/subject/1291875/,https://img9.doubanio.com/view/photo/s_ratio_poster/public/p2564685215.jpg
小森林 夏秋篇,9,312622,那些静得只能听见呼吸的日子里，你明白孤独即生活。,2014,日本,剧情,https://movie.douban.com/subject/25814705/,https://img3.doubanio.com/view/photo/s_ratio_poster/public/p2564498893.jpg
第六感,8.9,405613,深入内心的恐怖，出人意料的结局。,1999,美国,剧情 悬疑 惊悚,https://movie.douban.com/subject/1297630/,https://img9.doubanio.com/view/photo/s_ratio_poster/public/p2220184425.jpg
重庆森林,8.7,590772,寂寞没有期限。,1994,中国香港,剧情 爱情,https://movie.douban.com/subject/1291999/,https://img3.doubanio.com/view/photo/s_ratio_poster/public/p792381411.jpg
红辣椒,9,296178,梦的勾结。,2006,日本,动画 悬疑 科幻 惊悚,https://movie.douban.com/subject/1865703/,https://img3.doubanio.com/view/photo/s_ratio_poster/public/p456825720.jpg
入殓师,8.8,457600,死可能是一道门，逝去并不是终结，而是超越，走向下一程。,2008,日本,剧情,https://movie.douban.com/subject/2149806/,https://img1.doubanio.com/view/photo/s_ratio_poster/public/p1583839859.jpg
小森林 冬春篇,9,276653,尊敬他人，尊敬你生活的这片土地，明白孤独是人生的常态。,2015,日本,剧情,https://movie.douban.com/subject/25814707/,https://img1.doubanio.com/view/photo/s_ratio_poster/public/p2215147728.jpg
消失的爱人,8.7,666557,年度最佳date movie。,2014,美国,剧情 犯罪 悬疑 惊悚,https://movie.douban.com/subject/21318488/,https://img9.doubanio.com/view/photo/s_ratio_poster/public/p2221768894.jpg
爱在黎明破晓前,8.8,444355,缘分是个连绵词，最美不过一瞬。,1995,美国 奥地利 瑞士,剧情 爱情,https://movie.douban.com/subject/1296339/,https://img9.doubanio.com/view/photo/s_ratio_poster/public/p2555762374.jpg
一一,9,262901,我们都曾经是一一。,2000,中国台湾 日本,剧情 爱情 家庭,https://movie.douban.com/subject/1292434/,https://img3.doubanio.com/view/photo/s_ratio_poster/public/p2567845803.jpg
唐伯虎点秋香,8.6,761679,华太师是黄霑，吴镇宇四大才子之一。,1993,中国香港,喜剧 爱情 古装,https://movie.douban.com/subject/1306249/,https://img9.doubanio.com/view/photo/s_ratio_poster/public/p2357915564.jpg
侧耳倾听,8.9,341642,少女情怀总是诗。,1995,日本,剧情 爱情 动画,https://movie.douban.com/subject/1297052/,https://img3.doubanio.com/view/photo/s_ratio_poster/public/p456692072.jpg
超脱,8.9,346766,穷尽一生，我们要学会的，不过是彼此拥抱。,2011,美国,剧情,https://movie.douban.com/subject/5322596/,https://img3.doubanio.com/view/photo/s_ratio_poster/public/p1305562621.jpg
蝙蝠侠：黑暗骑士崛起,8.8,529797,诺兰就是保证。,2012,美国 英国,剧情 动作 科幻 犯罪 惊悚,https://movie.douban.com/subject/3395373/,https://img9.doubanio.com/view/photo/s_ratio_poster/public/p1706428744.jpg
倩女幽魂,8.7,538198,两张绝世的脸。 ,1987,中国香港,爱情 奇幻 武侠 古装,https://movie.douban.com/subject/1297447/,https://img9.doubanio.com/view/photo/s_ratio_poster/public/p2414157745.jpg
玛丽和马克思,8.9,340844,你是我最好的朋友，你是我唯一的朋友 。,2009,澳大利亚,剧情 喜剧 动画,https://movie.douban.com/subject/3072124/,https://img9.doubanio.com/view/photo/s_ratio_poster/public/p2162822165.jpg
无人知晓,9.1,205892,我的平常生活就是他人的幸福。,2004,日本,剧情,https://movie.douban.com/subject/1292337/,https://img3.doubanio.com/view/photo/s_ratio_poster/public/p661160053.jpg
甜蜜蜜,8.8,386549,相逢只要一瞬间，等待却像是一辈子。,1996,中国香港,剧情 爱情,https://movie.douban.com/subject/1305164/,https://img9.doubanio.com/view/photo/s_ratio_poster/public/p2223011274.jpg
萤火之森,8.9,372290,触不到的恋人。,2011,日本,剧情 爱情 动画 奇幻,https://movie.douban.com/subject/5989818/,https://img3.doubanio.com/view/photo/s_ratio_poster/public/p1675053073.jpg
超能陆战队,8.7,739827,Balalala~~~,2014,美国,喜剧 动作 科幻 动画 冒险,https://movie.douban.com/subject/11026735/,https://img3.doubanio.com/view/photo/s_ratio_poster/public/p2614500883.jpg
告白,8.7,549182,没有一人完全善，也没有一人完全恶。,2010,日本,剧情 惊悚,https://movie.douban.com/subject/4268598/,https://img9.doubanio.com/view/photo/s_ratio_poster/public/p689520756.jpg
大鱼,8.8,434929,抱着梦想而活着的人是幸福的，怀抱梦想而死去的人是不朽的。,2003,美国,剧情 家庭 奇幻 冒险,https://movie.douban.com/subject/1291545/,https://img9.doubanio.com/view/photo/s_ratio_poster/public/p692813374.jpg
阳光姐妹淘,8.8,470245,再多各自牛逼的时光，也比不上一起傻逼的岁月。 ,2011,韩国,剧情 喜剧,https://movie.douban.com/subject/4917726/,https://img1.doubanio.com/view/photo/s_ratio_poster/public/p1374786017.jpg
驯龙高手,8.7,568064,和谐的生活离不开摸头与被摸头。,2010,美国,动画 奇幻 冒险,https://movie.douban.com/subject/2353023/,https://img9.doubanio.com/view/photo/s_ratio_poster/public/p2210954024.jpg
借东西的小人阿莉埃蒂,8.8,403047,曾经的那段美好会沉淀为一辈子的记忆。,2010,日本,动画 奇幻 冒险,https://movie.douban.com/subject/4202302/,https://img9.doubanio.com/view/photo/s_ratio_poster/public/p617533616.jpg
射雕英雄传之东成西就,8.7,484735,百看不厌。 ,1993,中国香港,喜剧 奇幻 武侠 古装,https://movie.douban.com/subject/1316510/,https://img9.doubanio.com/view/photo/s_ratio_poster/public/p2609063925.jpg
菊次郎的夏天,8.8,385407,从没见过那么流氓的温柔，从没见过那么温柔的流氓。,1999,日本,剧情 喜剧,https://movie.douban.com/subject/1293359/,https://img9.doubanio.com/view/photo/s_ratio_poster/public/p751835224.jpg
幸福终点站,8.8,402945,有时候幸福需要等一等。 ,2004,美国,喜剧 剧情 爱情,https://movie.douban.com/subject/1292274/,https://img1.doubanio.com/view/photo/s_ratio_poster/public/p854757687.jpg
爱在日落黄昏时,8.8,375077,九年后的重逢是世俗和责任的交叠，没了悸动和青涩，沧桑而温暖。,2004,美国 法国,剧情 爱情,https://movie.douban.com/subject/1291990/,https://img1.doubanio.com/view/photo/s_ratio_poster/public/p2561542458.jpg
恐怖直播,8.8,472157,恐怖分子的“秋菊打官司”。,2013,韩国,剧情 犯罪 悬疑,https://movie.douban.com/subject/21360417/,https://img9.doubanio.com/view/photo/s_ratio_poster/public/p2016930906.jpg
完美的世界,9.1,193256,坏人的好总是比好人的好来得更感人。,1993,美国,剧情 犯罪,https://movie.douban.com/subject/1300992/,https://img1.doubanio.com/view/photo/s_ratio_poster/public/p2190556408.jpg
功夫,8.6,714552,警恶惩奸，维护世界和平这个任务就交给你了，好吗？,2004,中国大陆 中国香港,动作 喜剧 犯罪 奇幻,https://movie.douban.com/subject/1291543/,https://img1.doubanio.com/view/photo/s_ratio_poster/public/p2219011938.jpg
人生果实,9.5,106331,土壤没有落叶不会肥沃，没有了你就不算人生。,2017,日本,纪录片,https://movie.douban.com/subject/26874505/,https://img3.doubanio.com/view/photo/s_ratio_poster/public/p2544912792.jpg
神偷奶爸,8.6,731123,Mr. I Don't Care其实也有Care的时候。,2010,美国 法国,喜剧 动画 冒险,https://movie.douban.com/subject/3287562/,https://img1.doubanio.com/view/photo/s_ratio_poster/public/p792776858.jpg
怪兽电力公司,8.7,480703,不要给它起名字，起了名字就有感情了。,2001,美国,儿童 喜剧 动画 奇幻 冒险,https://movie.douban.com/subject/1291579/,https://img1.doubanio.com/view/photo/s_ratio_poster/public/p2513247938.jpg
玩具总动员3,8.8,372505,跨度十五年的欢乐与泪水。,2010,美国,喜剧 动画 奇幻 冒险,https://movie.douban.com/subject/1858711/,https://img1.doubanio.com/view/photo/s_ratio_poster/public/p1283675359.jpg
天书奇谭,9.2,158594,传奇的年代，醉人的童话。,1983,中国大陆,动画 奇幻,https://movie.douban.com/subject/1428581/,https://img1.doubanio.com/view/photo/s_ratio_poster/public/p2515539487.jpg
傲慢与偏见,8.6,570575,爱是摈弃傲慢与偏见之后的曙光。,2005,法国 英国 美国,剧情 爱情,https://movie.douban.com/subject/1418200/,https://img1.doubanio.com/view/photo/s_ratio_poster/public/p2016401659.jpg
血战钢锯岭,8.7,599047,优秀的战争片不会美化战场，不会粉饰死亡，不会矮化敌人，不会无视常识，最重要的，不会宣扬战争。,2016,美国 澳大利亚,剧情 传记 历史 战争,https://movie.douban.com/subject/26325320/,https://img1.doubanio.com/view/photo/s_ratio_poster/public/p2398141939.jpg
教父3,8.9,257300,任何信念的力量，都无法改变命运。,1990,美国,剧情 犯罪,https://movie.douban.com/subject/1294240/,https://img3.doubanio.com/view/photo/s_ratio_poster/public/p2169664351.jpg
时空恋旅人,8.7,411672,把每天当作最后一天般珍惜度过，积极拥抱生活，就是幸福。,2013,英国,喜剧 爱情 奇幻,https://movie.douban.com/subject/10577869/,https://img9.doubanio.com/view/photo/s_ratio_poster/public/p2070153774.jpg
风之谷,8.9,288032,动画片的圣经。,1984,日本,动画 奇幻 冒险,https://movie.douban.com/subject/1291585/,https://img3.doubanio.com/view/photo/s_ratio_poster/public/p1917567652.jpg
哈利·波特与阿兹卡班的囚徒,8.7,426840,不一样的导演，不一样的哈利·波特。,2004,英国 美国,奇幻 冒险,https://movie.douban.com/subject/1291544/,https://img1.doubanio.com/view/photo/s_ratio_poster/public/p1910812549.jpg
釜山行,8.5,854651,揭露人性的丧尸题材力作。,2016,韩国,动作 惊悚 灾难,https://movie.douban.com/subject/25986180/,https://img1.doubanio.com/view/photo/s_ratio_poster/public/p2360940399.jpg
电锯惊魂,8.7,375424,真相就在眼前。,2004,美国,悬疑 惊悚 恐怖,https://movie.douban.com/subject/1417598/,https://img9.doubanio.com/view/photo/s_ratio_poster/public/p2565332644.jpg
哪吒闹海,9.1,183456,想你时你在闹海。,1979,中国大陆,冒险 动画 奇幻,https://movie.douban.com/subject/1307315/,https://img3.doubanio.com/view/photo/s_ratio_poster/public/p2516566783.jpg
上帝之城,8.9,236135,被上帝抛弃了的上帝之城。,2002,巴西 法国,犯罪 剧情,https://movie.douban.com/subject/1292208/,https://img3.doubanio.com/view/photo/s_ratio_poster/public/p455677490.jpg
被解救的姜戈,8.7,452224,热血沸腾，那个低俗、性感的无耻混蛋又来了。,2012,美国,剧情 动作 西部 冒险,https://movie.douban.com/subject/6307447/,https://img1.doubanio.com/view/photo/s_ratio_poster/public/p1959232369.jpg
喜宴,8.9,248450,中国家庭的喜怒哀乐忍。,1993,中国台湾 美国,剧情 喜剧 爱情 同性 家庭,https://movie.douban.com/subject/1303037/,https://img9.doubanio.com/view/photo/s_ratio_poster/public/p2173713676.jpg
七武士,9.2,139697,时代悲歌。,1954,日本,动作 冒险 剧情,https://movie.douban.com/subject/1295399/,https://img9.doubanio.com/view/photo/s_ratio_poster/public/p2215886505.jpg
英雄本色,8.7,375235,英雄泪短，兄弟情长。 ,1986,中国香港,剧情 动作 犯罪,https://movie.douban.com/subject/1297574/,https://img1.doubanio.com/view/photo/s_ratio_poster/public/p2504997087.jpg
我是山姆,8.9,226322,爱并不需要智商 。,2001,美国,剧情 家庭,https://movie.douban.com/subject/1306861/,https://img9.doubanio.com/view/photo/s_ratio_poster/public/p652417775.jpg
谍影重重3,8.8,319170,像吃了苏打饼一样干脆的电影。,2007,美国 德国,动作 悬疑 惊悚,https://movie.douban.com/subject/1578507/,https://img1.doubanio.com/view/photo/s_ratio_poster/public/p792223507.jpg
岁月神偷,8.7,470275,岁月流逝，来日可追。,2010,中国香港 中国大陆,剧情 家庭,https://movie.douban.com/subject/3792799/,https://img9.doubanio.com/view/photo/s_ratio_poster/public/p659427316.jpg
头号玩家,8.6,1048972,写给影迷，动漫迷和游戏迷的一封情书。,2018,美国,动作 科幻 冒险,https://movie.douban.com/subject/4920389/,https://img1.doubanio.com/view/photo/s_ratio_poster/public/p2516578307.jpg
一个叫欧维的男人决定去死,8.8,287820,惠及一生的美丽。,2015,瑞典,剧情,https://movie.douban.com/subject/26628357/,https://img3.doubanio.com/view/photo/s_ratio_poster/public/p2406624993.jpg
纵横四海,8.8,301537,香港浪漫主义警匪动作片的巅峰之作。,1991,中国香港,剧情 喜剧 动作 犯罪,https://movie.douban.com/subject/1295409/,https://img1.doubanio.com/view/photo/s_ratio_poster/public/p2597918718.jpg
哈利·波特与密室,8.7,447825,魔法的密室之门已打开...,2002,美国 英国 德国,奇幻 冒险,https://movie.douban.com/subject/1296996/,https://img3.doubanio.com/view/photo/s_ratio_poster/public/p1082651990.jpg
三块广告牌,8.7,624709,怼天怼地，你走后，她与世界为敌。,2017,美国 英国,剧情 犯罪,https://movie.douban.com/subject/26611804/,https://img1.doubanio.com/view/photo/s_ratio_poster/public/p2510081688.jpg
疯狂原始人,8.7,640105,老少皆宜，这就是好莱坞动画的魅力。,2013,美国,喜剧 动画 冒险,https://movie.douban.com/subject/1907966/,https://img1.doubanio.com/view/photo/s_ratio_poster/public/p1867084027.jpg
心迷宫,8.7,365640,荒诞讽刺，千奇百巧，抽丝剥茧，百转千回。,2014,中国大陆,剧情 犯罪 悬疑,https://movie.douban.com/subject/25917973/,https://img9.doubanio.com/view/photo/s_ratio_poster/public/p2276780256.jpg
达拉斯买家俱乐部,8.8,334962,Jared Leto的腿比女人还美！,2013,美国,剧情 传记 同性,https://movie.douban.com/subject/1793929/,https://img1.doubanio.com/view/photo/s_ratio_poster/public/p2166160837.jpg
卢旺达饭店,8.9,221302,当这个世界闭上双眼，他却敞开了怀抱。,2004,英国 南非 意大利,剧情 传记 历史 战争,https://movie.douban.com/subject/1291822/,https://img3.doubanio.com/view/photo/s_ratio_poster/public/p470419493.jpg
你的名字。,8.4,1030014,穿越错位的时空，仰望陨落的星辰，你没留下你的名字，我却无法忘记那句“我爱你”。,2016,日本,剧情 爱情 动画,https://movie.douban.com/subject/26683290/,https://img1.doubanio.com/view/photo/s_ratio_poster/public/p2395733377.jpg
花样年华,8.7,424576,偷情本没有这样美。,2000,中国香港,剧情 爱情,https://movie.douban.com/subject/1291557/,https://img9.doubanio.com/view/photo/s_ratio_poster/public/p1910828286.jpg
记忆碎片,8.6,457367,一个针管引发的血案。,2000,美国,犯罪 剧情 悬疑 惊悚,https://movie.douban.com/subject/1304447/,https://img3.doubanio.com/view/photo/s_ratio_poster/public/p641688453.jpg
萤火虫之墓,8.7,329511,幸福是生生不息，却难以触及的远。 ,1988,日本,动画 剧情 战争,https://movie.douban.com/subject/1293318/,https://img1.doubanio.com/view/photo/s_ratio_poster/public/p1157334208.jpg
荒蛮故事,8.8,311888,始于荒诞，止于更荒诞。,2014,阿根廷 西班牙,剧情 喜剧 犯罪,https://movie.douban.com/subject/24750126/,https://img3.doubanio.com/view/photo/s_ratio_poster/public/p2584519452.jpg
贫民窟的百万富翁,8.6,585968,上帝之城+猜火车+阿甘正传+开心辞典=山寨富翁,2008,英国,剧情 爱情,https://movie.douban.com/subject/2209573/,https://img3.doubanio.com/view/photo/s_ratio_poster/public/p2434249040.jpg
东邪西毒,8.6,449011,电影诗。,1994,中国香港 中国台湾,剧情 动作 爱情 武侠 古装,https://movie.douban.com/subject/1292328/,https://img3.doubanio.com/view/photo/s_ratio_poster/public/p1982176012.jpg
真爱至上,8.6,538029,爱，是个动词。,2003,英国 美国 法国,喜剧 剧情 爱情,https://movie.douban.com/subject/1292401/,https://img3.doubanio.com/view/photo/s_ratio_poster/public/p475600770.jpg
爆裂鼓手,8.7,414902,这个世界从不善待努力的人，努力了也不一定会成功，但是知道自己在努力，就是活下去的动力。,2014,美国,剧情 音乐,https://movie.douban.com/subject/25773932/,https://img3.doubanio.com/view/photo/s_ratio_poster/public/p2220776342.jpg
黑客帝国3：矩阵革命,8.8,312235,不得不说，《黑客帝国》系列是商业片与科幻、哲学完美结合的典范。,2003,美国 澳大利亚,动作 科幻,https://movie.douban.com/subject/1302467/,https://img1.doubanio.com/view/photo/s_ratio_poster/public/p2220873438.jpg
模仿游戏,8.7,450308,他给机器起名“克里斯托弗”，因为这是他初恋的名字。,2014,英国 美国,剧情 传记 战争 同性,https://movie.douban.com/subject/10463953/,https://img3.doubanio.com/view/photo/s_ratio_poster/public/p2255040492.jpg
忠犬八公物语,9.2,138074,养狗三日，便会对你终其一生。,1987,日本,剧情,https://movie.douban.com/subject/1959195/,https://img3.doubanio.com/view/photo/s_ratio_poster/public/p1576418852.jpg
未麻的部屋,9,200269,好的剧本是，就算你猜到了结局也猜不到全部。,1997,日本,动画 奇幻 惊悚,https://movie.douban.com/subject/1395091/,https://img3.doubanio.com/view/photo/s_ratio_poster/public/p1351050722.jpg
黑天鹅,8.6,647999,黑暗之美。,2010,美国,剧情 惊悚,https://movie.douban.com/subject/1978709/,https://img9.doubanio.com/view/photo/s_ratio_poster/public/p2549648344.jpg
头脑特工队,8.7,433412,愿我们都不用长大，每一座城堡都能永远存在。,2015,美国,喜剧 动画 冒险,https://movie.douban.com/subject/10533913/,https://img9.doubanio.com/view/photo/s_ratio_poster/public/p2266293606.jpg
新世界,8.8,249430,要做就做得狠一点，这样才能活下去。,2013,韩国,剧情 犯罪,https://movie.douban.com/subject/10437779/,https://img1.doubanio.com/view/photo/s_ratio_poster/public/p1903379979.jpg
海街日记,8.8,297595,是枝裕和的家庭习作。,2015,日本,剧情 家庭,https://movie.douban.com/subject/25895901/,https://img3.doubanio.com/view/photo/s_ratio_poster/public/p2242546753.jpg
你看起来好像很好吃,8.9,255732,感情不分食草或者食肉。,2010,日本,剧情 动画 儿童,https://movie.douban.com/subject/4848115/,https://img3.doubanio.com/view/photo/s_ratio_poster/public/p709670262.jpg
无敌破坏王,8.7,396320,迪士尼和皮克斯拿错剧本的产物。,2012,美国,喜剧 动画 奇幻 冒险,https://movie.douban.com/subject/6534248/,https://img9.doubanio.com/view/photo/s_ratio_poster/public/p1735642656.jpg
雨人,8.7,317387,生活在自己的世界里，也可以让周围的人显得可笑和渺小。,1988,美国,剧情,https://movie.douban.com/subject/1291870/,https://img9.doubanio.com/view/photo/s_ratio_poster/public/p2072472904.jpg
冰川时代,8.6,473047,松鼠才是角儿。,2002,美国,喜剧 动画 冒险,https://movie.douban.com/subject/1291578/,https://img1.doubanio.com/view/photo/s_ratio_poster/public/p1910895719.jpg
恋恋笔记本,8.5,492998,爱情没有那么多借口，如果不能圆满，只能说明爱的不够。 ,2004,美国,剧情 爱情,https://movie.douban.com/subject/1309163/,https://img9.doubanio.com/view/photo/s_ratio_poster/public/p483604864.jpg
惊魂记,9,176858,故事的反转与反转，分裂电影的始祖。,1960,美国,悬疑 惊悚 恐怖,https://movie.douban.com/subject/1293181/,https://img9.doubanio.com/view/photo/s_ratio_poster/public/p1021883305.jpg
二十二,8.7,221430,有一些东西不应该被遗忘。,2015,中国大陆,纪录片,https://movie.douban.com/subject/26430107/,https://img1.doubanio.com/view/photo/s_ratio_poster/public/p2457609817.jpg
恐怖游轮,8.5,589412,不要企图在重复中寻找已经失去的爱。,2009,英国 澳大利亚,剧情 悬疑 惊悚,https://movie.douban.com/subject/3011051/,https://img9.doubanio.com/view/photo/s_ratio_poster/public/p462470694.jpg
海边的曼彻斯特,8.6,364426,我们都有权利不与自己的过去和解。,2016,美国,剧情 家庭,https://movie.douban.com/subject/25980443/,https://img9.doubanio.com/view/photo/s_ratio_poster/public/p2421855655.jpg
小偷家族,8.7,610533,我们组成了家。,2018,日本,剧情 犯罪 家庭,https://movie.douban.com/subject/27622447/,https://img9.doubanio.com/view/photo/s_ratio_poster/public/p2530599636.jpg
房间,8.8,298234,被偷走的岁月，被伤害的生命，被禁锢的灵魂，终将被希望和善意救赎。,2015,爱尔兰 加拿大 英国 美国,剧情 家庭,https://movie.douban.com/subject/25724855/,https://img9.doubanio.com/view/photo/s_ratio_poster/public/p2259715855.jpg
奇迹男孩,8.6,432038,世界不完美，爱会有奇迹。,2017,美国 中国香港,剧情 儿童 家庭,https://movie.douban.com/subject/26787574/,https://img1.doubanio.com/view/photo/s_ratio_poster/public/p2507709428.jpg
绿里奇迹,8.8,210740,天使暂时离开。,1999,美国,犯罪 剧情 奇幻 悬疑,https://movie.douban.com/subject/1300374/,https://img3.doubanio.com/view/photo/s_ratio_poster/public/p767586451.jpg
魔女宅急便,8.6,347127,宫崎骏的电影总让人感觉世界是美好的，阳光明媚的。,1989,日本,动画 奇幻 冒险,https://movie.douban.com/subject/1307811/,https://img3.doubanio.com/view/photo/s_ratio_poster/public/p456676352.jpg
雨中曲,9,154086,骨灰级歌舞片。,1952,美国,喜剧 歌舞 爱情,https://movie.douban.com/subject/1293460/,https://img9.doubanio.com/view/photo/s_ratio_poster/public/p1612355875.jpg
虎口脱险,8.9,176293,永远看不腻的喜剧。,1966,法国 英国,喜剧 战争,https://movie.douban.com/subject/1296909/,https://img3.doubanio.com/view/photo/s_ratio_poster/public/p2399597512.jpg
疯狂的石头,8.5,596062,中国版《两杆大烟枪》。,2006,中国大陆 中国香港,喜剧 犯罪,https://movie.douban.com/subject/1862151/,https://img3.doubanio.com/view/photo/s_ratio_poster/public/p712241453.jpg
爱在午夜降临前,8.8,243967,所谓爱情，就是话唠一路，都不会心生腻烦，彼此嫌弃。,2013,美国 希腊,剧情 爱情,https://movie.douban.com/subject/10808442/,https://img1.doubanio.com/view/photo/s_ratio_poster/public/p2074715729.jpg
人工智能,8.6,327409,对爱的执着，可以超越一切。,2001,美国,剧情 科幻,https://movie.douban.com/subject/1302827/,https://img1.doubanio.com/view/photo/s_ratio_poster/public/p792257137.jpg
罗生门,8.8,227309,人生的N种可能性。,1950,日本,剧情 犯罪 悬疑,https://movie.douban.com/subject/1291879/,https://img3.doubanio.com/view/photo/s_ratio_poster/public/p1598883511.jpg
终结者2：审判日,8.7,262118,少见的超越首部的续集，动作片中的经典。,1991,美国 法国,动作 科幻,https://movie.douban.com/subject/1291844/,https://img9.doubanio.com/view/photo/s_ratio_poster/public/p1910909085.jpg
初恋这件小事,8.4,785006,黑小鸭速效美白记。,2010,泰国,剧情 喜剧 爱情,https://movie.douban.com/subject/4739952/,https://img3.doubanio.com/view/photo/s_ratio_poster/public/p1505312273.jpg
可可西里,8.8,218039,坚硬的信仰。,2004,中国大陆 中国香港,剧情 犯罪,https://movie.douban.com/subject/1308857/,https://img3.doubanio.com/view/photo/s_ratio_poster/public/p2414772322.jpg
2001太空漫游,8.8,211177,现代科幻电影的开山之作，最伟大导演的最伟大影片。,1968,英国 美国,科幻 惊悚 冒险,https://movie.douban.com/subject/1292226/,https://img9.doubanio.com/view/photo/s_ratio_poster/public/p2560717825.jpg
魂断蓝桥,8.8,207250,中国式内在的美国电影。,1940,美国,剧情 爱情 战争,https://movie.douban.com/subject/1293964/,https://img1.doubanio.com/view/photo/s_ratio_poster/public/p2351134499.jpg
海洋,9.1,132709,大海啊，不全是水。,2009,法国 瑞士 西班牙 美国 阿联酋,纪录片,https://movie.douban.com/subject/3443389/,https://img1.doubanio.com/view/photo/s_ratio_poster/public/p2173334947.jpg
城市之光,9.3,94643,永远的小人物，伟大的卓别林。,1931,美国,喜剧 剧情 爱情,https://movie.douban.com/subject/1293908/,https://img1.doubanio.com/view/photo/s_ratio_poster/public/p2170238828.jpg
牯岭街少年杀人事件,8.8,192097,弱者送给弱者的一刀。,1991,中国台湾,剧情 犯罪,https://movie.douban.com/subject/1292329/,https://img9.doubanio.com/view/photo/s_ratio_poster/public/p848381236.jpg
燃情岁月,8.8,220952,传奇，不是每个人都可以拥有。,1994,美国,剧情 爱情 战争 西部,https://movie.douban.com/subject/1295865/,https://img1.doubanio.com/view/photo/s_ratio_poster/public/p1023654037.jpg
色，戒,8.5,506969,假戏真情，爱欲深海,2007,中国台湾 中国大陆 美国 中国香港,剧情 爱情 情色,https://movie.douban.com/subject/1828115/,https://img9.doubanio.com/view/photo/s_ratio_poster/public/p453716305.jpg
穿越时空的少女,8.6,303977,爱上未来的你。 ,2006,日本,剧情 爱情 科幻 动画,https://movie.douban.com/subject/1937946/,https://img1.doubanio.com/view/photo/s_ratio_poster/public/p2079334409.jpg
新龙门客栈,8.6,329587,嬉笑怒骂，调风动月。,1992,中国香港 中国大陆,动作 爱情 武侠 古装,https://movie.douban.com/subject/1292287/,https://img1.doubanio.com/view/photo/s_ratio_poster/public/p1421018669.jpg
青蛇,8.5,382995,人生如此，浮生如斯。谁人言，花彼岸，此生情长意短。谁都是不懂爱的罢了。,1993,中国香港 中国大陆,剧情 爱情 奇幻 古装,https://movie.douban.com/subject/1303394/,https://img3.doubanio.com/view/photo/s_ratio_poster/public/p2570901292.jpg
源代码,8.5,623265,邓肯·琼斯继《月球》之后再度奉献出一部精彩绝伦的科幻佳作。,2011,美国 加拿大,科幻 悬疑 惊悚,https://movie.douban.com/subject/3075287/,https://img9.doubanio.com/view/photo/s_ratio_poster/public/p988260245.jpg
无耻混蛋,8.6,362853,昆汀同学越来越变态了，比北野武还杜琪峰。,2009,德国 美国,剧情 犯罪,https://movie.douban.com/subject/1438652/,https://img1.doubanio.com/view/photo/s_ratio_poster/public/p2575043939.jpg
哈利·波特与火焰杯,8.5,381113,,2005,英国 美国,奇幻 冒险,https://movie.douban.com/subject/1309055/,https://img1.doubanio.com/view/photo/s_ratio_poster/public/p2220723219.jpg
完美陌生人,8.5,415252,来啊，互相伤害啊！,2016,意大利,剧情 喜剧,https://movie.douban.com/subject/26614893/,https://img9.doubanio.com/view/photo/s_ratio_poster/public/p2522331945.jpg
遗愿清单,8.6,280813,用剩余不多的时间，去燃烧整个生命。,2007,美国,冒险 喜剧 剧情,https://movie.douban.com/subject/1867345/,https://img3.doubanio.com/view/photo/s_ratio_poster/public/p1208653481.jpg
九品芝麻官,8.5,412253,,1994,中国香港,剧情 喜剧 古装,https://movie.douban.com/subject/1297518/,https://img3.doubanio.com/view/photo/s_ratio_poster/public/p648370300.jpg
阿飞正传,8.5,371756,王家卫是一种风格，张国荣是一个代表。,1990,中国香港,犯罪 剧情 爱情,https://movie.douban.com/subject/1305690/,https://img3.doubanio.com/view/photo/s_ratio_poster/public/p2525770523.jpg
大佛普拉斯,8.7,288683,人们可以登上月球，却永远无法探索人们内心的宇宙。,2017,中国台湾,剧情 喜剧,https://movie.douban.com/subject/27059130/,https://img3.doubanio.com/view/photo/s_ratio_poster/public/p2505928032.jpg
血钻,8.7,265675,每个美丽事物背后都是滴血的现实。,2006,美国 德国,剧情 惊悚 冒险,https://movie.douban.com/subject/1428175/,https://img3.doubanio.com/view/photo/s_ratio_poster/public/p1244017073.jpg
谍影重重2,8.7,268632,谁说王家卫镜头很晃？,2004,美国 德国,动作 悬疑 惊悚,https://movie.douban.com/subject/1308767/,https://img9.doubanio.com/view/photo/s_ratio_poster/public/p667644866.jpg
地球上的星星,8.9,155990,天使保护事件始末。,2007,印度,剧情 儿童 家庭,https://movie.douban.com/subject/2363506/,https://img9.doubanio.com/view/photo/s_ratio_poster/public/p1973489335.jpg
香水,8.5,432081,一个单凭体香达到高潮的男人。,2006,德国 法国 西班牙 美国,剧情 犯罪 奇幻,https://movie.douban.com/subject/1760622/,https://img3.doubanio.com/view/photo/s_ratio_poster/public/p2571500223.jpg
疯狂的麦克斯4：狂暴之路,8.6,382909,“多么美好的一天！”轰轰轰砰咚，啪哒哒哒轰隆隆，磅~,2015,澳大利亚 美国,动作 科幻 冒险,https://movie.douban.com/subject/3592854/,https://img3.doubanio.com/view/photo/s_ratio_poster/public/p2236181653.jpg
步履不停,8.8,191154,日本的家庭电影已经是世界巅峰了，步履不停是巅峰中的佳作。,2008,日本,剧情 家庭,https://movie.douban.com/subject/2222996/,https://img9.doubanio.com/view/photo/s_ratio_poster/public/p926535516.jpg
战争之王,8.6,268159,做一颗让别人需要你的棋子。,2005,美国 法国,剧情 犯罪,https://movie.douban.com/subject/1419936/,https://img3.doubanio.com/view/photo/s_ratio_poster/public/p792282381.jpg
谍影重重,8.6,320925,哗啦啦啦啦，天在下雨，哗啦啦啦啦，云在哭泣……找自己。,2002,美国 德国 捷克,动作 悬疑 惊悚,https://movie.douban.com/subject/1304102/,https://img3.doubanio.com/view/photo/s_ratio_poster/public/p1597183981.jpg
彗星来的那一夜,8.5,378411,小成本大魅力。,2013,美国 英国,科幻 悬疑 惊悚,https://movie.douban.com/subject/25807345/,https://img9.doubanio.com/view/photo/s_ratio_poster/public/p2187896734.jpg
猜火车,8.5,344995,不可猜的青春迷笛。 ,1996,英国,剧情 犯罪,https://movie.douban.com/subject/1292528/,https://img1.doubanio.com/view/photo/s_ratio_poster/public/p513567548.jpg
波西米亚狂想曲,8.7,427484,,2018,英国 美国,剧情 传记 同性 音乐,https://movie.douban.com/subject/5300054/,https://img3.doubanio.com/view/photo/s_ratio_poster/public/p2549558913.jpg
朗读者,8.6,376938,当爱情跨越年龄的界限，它似乎能变得更久远一点，成为一种责任，一种水到渠成的相濡以沫。 ,2008,美国 德国,剧情 爱情,https://movie.douban.com/subject/2213597/,https://img1.doubanio.com/view/photo/s_ratio_poster/public/p1140984198.jpg
浪潮,8.7,209394,世界离独裁只有五天。,2008,德国,剧情 惊悚,https://movie.douban.com/subject/2297265/,https://img3.doubanio.com/view/photo/s_ratio_poster/public/p1344888983.jpg
小萝莉的猴神大叔,8.4,371574,宝莱坞的萝莉与大叔。,2015,印度,剧情 喜剧 动作,https://movie.douban.com/subject/26393561/,https://img9.doubanio.com/view/photo/s_ratio_poster/public/p2510956726.jpg
再次出发之纽约遇见你,8.6,316556,爱我就给我看你的播放列表。,2013,美国,喜剧 爱情 音乐,https://movie.douban.com/subject/6874403/,https://img3.doubanio.com/view/photo/s_ratio_poster/public/p2250287733.jpg
东京物语,9.2,95591,东京那么大，如果有一天走失了，恐怕一辈子不能再相见。,1953,日本,剧情 家庭,https://movie.douban.com/subject/1291568/,https://img9.doubanio.com/view/photo/s_ratio_poster/public/p1925331564.jpg
驴得水,8.3,688858,过去的如果就让它过去了，未来只会越来越糟！,2016,中国大陆,剧情 喜剧,https://movie.douban.com/subject/25921812/,https://img3.doubanio.com/view/photo/s_ratio_poster/public/p2393044761.jpg
聚焦,8.8,215339,新闻人的理性求真。,2015,美国,剧情 传记,https://movie.douban.com/subject/25954475/,https://img1.doubanio.com/view/photo/s_ratio_poster/public/p2263822658.jpg
追随,8.9,137095,诺兰的牛逼来源于内心散发出的恐惧。,1998,英国,犯罪 悬疑 惊悚,https://movie.douban.com/subject/1397546/,https://img3.doubanio.com/view/photo/s_ratio_poster/public/p2561545031.jpg
千钧一发,8.8,183597,一部能引人思考的科幻励志片。,1997,美国,剧情 科幻 惊悚,https://movie.douban.com/subject/1300117/,https://img9.doubanio.com/view/photo/s_ratio_poster/public/p2195672555.jpg
我爱你,9,115468,你要相信，这世上真的有爱存在，不管在什么年纪 ,2011,韩国,剧情 爱情,https://movie.douban.com/subject/5908478/,https://img1.doubanio.com/view/photo/s_ratio_poster/public/p1075591188.jpg
一次别离,8.7,201866,只有有信仰的人才能说出事实真相。,2011,伊朗 法国,剧情 家庭,https://movie.douban.com/subject/5964718/,https://img9.doubanio.com/view/photo/s_ratio_poster/public/p2189835254.jpg
黑鹰坠落,8.7,218704,还原真实而残酷的战争。,2001,美国,动作 历史 战争,https://movie.douban.com/subject/1291824/,https://img3.doubanio.com/view/photo/s_ratio_poster/public/p1910900710.jpg
黑客帝国2：重装上阵,8.6,270598,一个精彩的世界观正在缓缓建立。,2003,美国 澳大利亚,动作 科幻,https://movie.douban.com/subject/1304141/,https://img3.doubanio.com/view/photo/s_ratio_poster/public/p443461390.jpg
网络谜踪,8.6,395574,,2018,美国 俄罗斯,剧情 犯罪 悬疑 惊悚,https://movie.douban.com/subject/27615441/,https://img1.doubanio.com/view/photo/s_ratio_poster/public/p2542848758.jpg
发条橙,8.6,288827,我完全康复了。,1971,英国 美国,犯罪 剧情 科幻,https://movie.douban.com/subject/1292233/,https://img9.doubanio.com/view/photo/s_ratio_poster/public/p529908155.jpg
四个春天,8.9,123601,来也匆匆去也匆匆，就这样风雨兼程。,2017,中国大陆,纪录片 家庭,https://movie.douban.com/subject/27191492/,https://img1.doubanio.com/view/photo/s_ratio_poster/public/p2540578887.jpg
E.T. 外星人,8.6,268045,生病的E.T.皮肤的颜色就像柿子饼。,1982,美国,剧情 科幻,https://movie.douban.com/subject/1294638/,https://img3.doubanio.com/view/photo/s_ratio_poster/public/p984732992.jpg
